e123, suresh, suresh@gmail.com
e124, paresh, paresh@gmail.com
e125, naresh, naresh@gmail.com
e126, ganesh, ganesh@gmail. om
e127, mitesh, mitesh@gmail.com
3128, hitesh, hitesh@gmail.com
e129, mangesh, mangesh@gmail.com
